fecha,home,away,prob_home,confianza,bucket,pick_home,resultado_home,acerto,year
2026-04-01,Toronto Blue Jays,Colorado Rockies,0.6354,63.5,60-65,1,0,0,2026
2026-04-01,St. Louis Cardinals,New York Mets,0.4468,55.3,55-60,0,1,0,2026
2026-04-01,Seattle Mariners,New York Yankees,0.3992,60.1,60-65,0,0,1,2026
2026-04-01,San Diego Padres,San Francisco Giants,0.7294,72.9,70-75,1,1,1,2026
2026-04-01,Philadelphia Phillies,Washington Nationals,0.5291,52.9,50-55,1,1,1,2026
2026-04-01,Milwaukee Brewers,Tampa Bay Rays,0.6043,60.4,60-65,1,1,1,2026
2026-04-01,Miami Marlins,Chicago White Sox,0.8521,85.2,85-90,1,1,1,2026
2026-04-01,Los Angeles Dodgers,Cleveland Guardians,0.8456,84.6,80-85,1,0,0,2026
2026-04-01,Kansas City Royals,Minnesota Twins,0.6448,64.5,60-65,1,1,1,2026
2026-04-01,Houston Astros,Boston Red Sox,0.6809,68.1,65-70,1,1,1,2026
2026-04-01,Cincinnati Reds,Pittsburgh Pirates,0.2231,77.7,75-80,0,0,1,2026
2026-04-01,Chicago Cubs,Los Angeles Angels,0.8938,89.4,85-90,1,1,1,2026
2026-04-01,Baltimore Orioles,Texas Rangers,0.6238,62.4,60-65,1,1,1,2026
2026-04-01,Atlanta Braves,Oakland Athletics,0.7935,79.4,75-80,1,1,1,2026
2026-04-01,Arizona Diamondbacks,Detroit Tigers,0.5122,51.2,50-55,1,1,1,2026
2026-04-02,San Francisco Giants,New York Mets,0.7178,71.8,70-75,1,1,1,2026
2026-04-02,Kansas City Royals,Minnesota Twins,0.4905,50.9,50-55,0,0,1,2026
2026-04-02,Arizona Diamondbacks,Atlanta Braves,0.276,72.4,70-75,0,0,1,2026
2026-04-03,Washington Nationals,Los Angeles Dodgers,0.5192,51.9,50-55,1,0,0,2026
2026-04-03,Texas Rangers,Cincinnati Reds,0.6303,63.0,60-65,1,0,0,2026
2026-04-03,San Francisco Giants,New York Mets,0.1323,86.8,85-90,0,0,1,2026
2026-04-03,Pittsburgh Pirates,Baltimore Orioles,0.4152,58.5,55-60,0,1,0,2026
2026-04-03,New York Yankees,Miami Marlins,0.5673,56.7,55-60,1,1,1,2026
2026-04-03,Minnesota Twins,Tampa Bay Rays,0.2908,70.9,70-75,0,1,0,2026
2026-04-03,Los Angeles Angels,Seattle Mariners,0.5524,55.2,55-60,1,0,0,2026
2026-04-03,Detroit Tigers,St. Louis Cardinals,0.483,51.7,50-55,0,1,0,2026
2026-04-03,Colorado Rockies,Philadelphia Phillies,0.302,69.8,65-70,0,0,1,2026
2026-04-03,Cleveland Guardians,Chicago Cubs,0.4512,54.9,50-55,0,1,0,2026
2026-04-03,Chicago White Sox,Toronto Blue Jays,0.3956,60.4,60-65,0,0,1,2026
2026-04-03,Boston Red Sox,San Diego Padres,0.5808,58.1,55-60,1,1,1,2026
2026-04-03,Oakland Athletics,Houston Astros,0.5341,53.4,50-55,1,1,1,2026
2026-04-03,Arizona Diamondbacks,Atlanta Braves,0.4666,53.3,50-55,0,0,1,2026
2026-04-04,Washington Nationals,Los Angeles Dodgers,0.5909,59.1,55-60,1,0,0,2026
2026-04-04,Texas Rangers,Cincinnati Reds,0.478,52.2,50-55,0,0,1,2026
2026-04-04,Pittsburgh Pirates,Baltimore Orioles,0.4497,55.0,55-60,0,1,0,2026
2026-04-04,New York Yankees,Miami Marlins,0.3737,62.6,60-65,0,1,0,2026
2026-04-04,Minnesota Twins,Tampa Bay Rays,0.1784,82.2,80-85,0,0,1,2026
2026-04-04,Kansas City Royals,Milwaukee Brewers,0.0755,92.4,90-95,0,0,1,2026
2026-04-04,Detroit Tigers,St. Louis Cardinals,0.7412,74.1,70-75,1,1,1,2026
2026-04-04,Colorado Rockies,Philadelphia Phillies,0.2104,79.0,75-80,0,0,1,2026
2026-04-04,Chicago White Sox,Toronto Blue Jays,0.7089,70.9,70-75,1,1,1,2026
2026-04-04,Boston Red Sox,San Diego Padres,0.4923,50.8,50-55,0,0,1,2026
2026-04-04,Oakland Athletics,Houston Astros,0.1316,86.8,85-90,0,0,1,2026
2026-04-04,Arizona Diamondbacks,Atlanta Braves,0.2373,76.3,75-80,0,1,0,2026
2026-04-05,Washington Nationals,Los Angeles Dodgers,0.8207,82.1,80-85,1,0,0,2026
2026-04-05,Texas Rangers,Cincinnati Reds,0.7759,77.6,75-80,1,0,0,2026
2026-04-05,San Francisco Giants,New York Mets,0.2683,73.2,70-75,0,0,1,2026
2026-04-05,Pittsburgh Pirates,Baltimore Orioles,0.8211,82.1,80-85,1,1,1,2026
2026-04-05,New York Yankees,Miami Marlins,0.7014,70.1,70-75,1,0,0,2026
2026-04-05,Minnesota Twins,Tampa Bay Rays,0.262,73.8,70-75,0,0,1,2026
2026-04-05,Los Angeles Angels,Seattle Mariners,0.191,80.9,80-85,0,1,0,2026
2026-04-05,Kansas City Royals,Milwaukee Brewers,0.3316,66.8,65-70,0,0,1,2026
2026-04-05,Detroit Tigers,St. Louis Cardinals,0.4069,59.3,55-60,0,0,1,2026
2026-04-05,Colorado Rockies,Philadelphia Phillies,0.5786,57.9,55-60,1,1,1,2026
2026-04-05,Cleveland Guardians,Chicago Cubs,0.7288,72.9,70-75,1,0,0,2026
2026-04-05,Chicago White Sox,Toronto Blue Jays,0.8194,81.9,80-85,1,1,1,2026
2026-04-05,Boston Red Sox,San Diego Padres,0.6155,61.6,60-65,1,0,0,2026
2026-04-05,Oakland Athletics,Houston Astros,0.5701,57.0,55-60,1,1,1,2026
2026-04-05,Arizona Diamondbacks,Atlanta Braves,0.5364,53.6,50-55,1,1,1,2026
2026-04-06,Washington Nationals,St. Louis Cardinals,0.7673,76.7,75-80,1,1,1,2026
2026-04-06,Toronto Blue Jays,Los Angeles Dodgers,0.3236,67.6,65-70,0,0,1,2026
2026-04-06,Texas Rangers,Seattle Mariners,0.5668,56.7,55-60,1,1,1,2026
2026-04-06,Tampa Bay Rays,Chicago Cubs,0.6837,68.4,65-70,1,1,1,2026
2026-04-06,San Francisco Giants,Philadelphia Phillies,0.5207,52.1,50-55,1,0,0,2026
2026-04-06,Pittsburgh Pirates,San Diego Padres,0.4764,52.4,50-55,0,0,1,2026
2026-04-06,Minnesota Twins,Detroit Tigers,0.47,53.0,50-55,0,1,0,2026
2026-04-06,Miami Marlins,Cincinnati Reds,0.5248,52.5,50-55,1,0,0,2026
2026-04-06,Los Angeles Angels,Atlanta Braves,0.4916,50.8,50-55,0,1,0,2026
2026-04-06,Colorado Rockies,Houston Astros,0.1549,84.5,80-85,0,1,0,2026
2026-04-06,Cleveland Guardians,Kansas City Royals,0.265,73.5,70-75,0,0,1,2026
2026-04-06,Chicago White Sox,Baltimore Orioles,0.3524,64.8,60-65,0,0,1,2026
2026-04-06,Boston Red Sox,Milwaukee Brewers,0.3803,62.0,60-65,0,0,1,2026
2026-04-07,Washington Nationals,St. Louis Cardinals,0.6761,67.6,65-70,1,0,0,2026
2026-04-07,Toronto Blue Jays,Los Angeles Dodgers,0.2713,72.9,70-75,0,0,1,2026
2026-04-07,Texas Rangers,Seattle Mariners,0.4886,51.1,50-55,0,1,0,2026
2026-04-07,Tampa Bay Rays,Chicago Cubs,0.4195,58.0,55-60,0,0,1,2026
2026-04-07,San Francisco Giants,Philadelphia Phillies,0.5903,59.0,55-60,1,1,1,2026
2026-04-07,Pittsburgh Pirates,San Diego Padres,0.7267,72.7,70-75,1,1,1,2026
2026-04-07,New York Yankees,Oakland Athletics,0.6373,63.7,60-65,1,1,1,2026
2026-04-07,New York Mets,Arizona Diamondbacks,0.5471,54.7,50-55,1,1,1,2026
2026-04-07,Minnesota Twins,Detroit Tigers,0.4138,58.6,55-60,0,1,0,2026
2026-04-07,Miami Marlins,Cincinnati Reds,0.7232,72.3,70-75,1,0,0,2026
2026-04-07,Los Angeles Angels,Atlanta Braves,0.1174,88.3,85-90,0,0,1,2026
2026-04-07,Colorado Rockies,Houston Astros,0.3935,60.6,60-65,0,1,0,2026
2026-04-07,Cleveland Guardians,Kansas City Royals,0.3527,64.7,60-65,0,1,0,2026
2026-04-07,Chicago White Sox,Baltimore Orioles,0.252,74.8,70-75,0,0,1,2026
2026-04-07,Boston Red Sox,Milwaukee Brewers,0.5739,57.4,55-60,1,1,1,2026
2026-04-08,Washington Nationals,St. Louis Cardinals,0.4705,52.9,50-55,0,0,1,2026
2026-04-08,Toronto Blue Jays,Los Angeles Dodgers,0.1842,81.6,80-85,0,1,0,2026
2026-04-08,Texas Rangers,Seattle Mariners,0.7914,79.1,75-80,1,1,1,2026
2026-04-08,Tampa Bay Rays,Chicago Cubs,0.3907,60.9,60-65,0,0,1,2026
2026-04-08,San Francisco Giants,Philadelphia Phillies,0.8297,83.0,80-85,1,1,1,2026
2026-04-08,Pittsburgh Pirates,San Diego Padres,0.7607,76.1,75-80,1,0,0,2026
2026-04-08,New York Yankees,Oakland Athletics,0.8199,82.0,80-85,1,0,0,2026
2026-04-08,New York Mets,Arizona Diamondbacks,0.5029,50.3,50-55,1,0,0,2026
2026-04-08,Minnesota Twins,Detroit Tigers,0.3024,69.8,65-70,0,1,0,2026
2026-04-08,Miami Marlins,Cincinnati Reds,0.6346,63.5,60-65,1,1,1,2026
2026-04-08,Los Angeles Angels,Atlanta Braves,0.1602,84.0,80-85,0,0,1,2026
2026-04-08,Colorado Rockies,Houston Astros,0.7282,72.8,70-75,1,1,1,2026
2026-04-08,Cleveland Guardians,Kansas City Royals,0.8495,84.9,80-85,1,1,1,2026
2026-04-08,Chicago White Sox,Baltimore Orioles,0.2394,76.1,75-80,0,0,1,2026
2026-04-08,Boston Red Sox,Milwaukee Brewers,0.5113,51.1,50-55,1,1,1,2026
2026-04-09,San Diego Padres,Colorado Rockies,0.209,79.1,75-80,0,1,0,2026
2026-04-09,New York Yankees,Oakland Athletics,0.5314,53.1,50-55,1,0,0,2026
2026-04-09,New York Mets,Arizona Diamondbacks,0.7676,76.8,75-80,1,0,0,2026
2026-04-09,Minnesota Twins,Detroit Tigers,0.6554,65.5,65-70,1,1,1,2026
2026-04-09,Miami Marlins,Cincinnati Reds,0.7798,78.0,75-80,1,1,1,2026
2026-04-09,Kansas City Royals,Chicago White Sox,0.6725,67.3,65-70,1,0,0,2026
2026-04-10,Toronto Blue Jays,Minnesota Twins,0.7676,76.8,75-80,1,1,1,2026
2026-04-10,Tampa Bay Rays,New York Yankees,0.7018,70.2,70-75,1,1,1,2026
2026-04-10,St. Louis Cardinals,Boston Red Sox,0.3246,67.5,65-70,0,1,0,2026
2026-04-10,Seattle Mariners,Houston Astros,0.7036,70.4,70-75,1,1,1,2026
2026-04-10,San Diego Padres,Colorado Rockies,0.2715,72.9,70-75,0,1,0,2026
2026-04-10,Philadelphia Phillies,Arizona Diamondbacks,0.5874,58.7,55-60,1,0,0,2026
2026-04-10,New York Mets,Oakland Athletics,0.6819,68.2,65-70,1,0,0,2026
2026-04-10,Milwaukee Brewers,Washington Nationals,0.2567,74.3,70-75,0,0,1,2026
2026-04-10,Los Angeles Dodgers,Texas Rangers,0.7286,72.9,70-75,1,1,1,2026
2026-04-10,Kansas City Royals,Chicago White Sox,0.764,76.4,75-80,1,1,1,2026
2026-04-10,Detroit Tigers,Miami Marlins,0.679,67.9,65-70,1,1,1,2026
2026-04-10,Cincinnati Reds,Los Angeles Angels,0.3259,67.4,65-70,0,0,1,2026
2026-04-10,Chicago Cubs,Pittsburgh Pirates,0.7568,75.7,75-80,1,0,0,2026
2026-04-10,Baltimore Orioles,San Francisco Giants,0.3744,62.6,60-65,0,0,1,2026
2026-04-10,Atlanta Braves,Cleveland Guardians,0.7271,72.7,70-75,1,1,1,2026
2026-04-11,Toronto Blue Jays,Minnesota Twins,0.3893,61.1,60-65,0,0,1,2026
2026-04-11,Tampa Bay Rays,New York Yankees,0.4779,52.2,50-55,0,1,0,2026
2026-04-11,St. Louis Cardinals,Boston Red Sox,0.5325,53.3,50-55,1,0,0,2026
2026-04-11,Seattle Mariners,Houston Astros,0.6461,64.6,60-65,1,1,1,2026
2026-04-11,San Diego Padres,Colorado Rockies,0.2119,78.8,75-80,0,1,0,2026
2026-04-11,Philadelphia Phillies,Arizona Diamondbacks,0.5807,58.1,55-60,1,1,1,2026
2026-04-11,New York Mets,Oakland Athletics,0.7321,73.2,70-75,1,0,0,2026
2026-04-11,Milwaukee Brewers,Washington Nationals,0.3006,69.9,65-70,0,0,1,2026
2026-04-11,Los Angeles Dodgers,Texas Rangers,0.4248,57.5,55-60,0,1,0,2026
2026-04-11,Kansas City Royals,Chicago White Sox,0.7911,79.1,75-80,1,1,1,2026
2026-04-11,Detroit Tigers,Miami Marlins,0.6458,64.6,60-65,1,1,1,2026
2026-04-11,Cincinnati Reds,Los Angeles Angels,0.8113,81.1,80-85,1,1,1,2026
2026-04-11,Chicago Cubs,Pittsburgh Pirates,0.3511,64.9,60-65,0,0,1,2026
2026-04-11,Baltimore Orioles,San Francisco Giants,0.7358,73.6,70-75,1,1,1,2026
2026-04-11,Atlanta Braves,Cleveland Guardians,0.4343,56.6,55-60,0,0,1,2026
2026-04-12,Toronto Blue Jays,Minnesota Twins,0.3076,69.2,65-70,0,0,1,2026
2026-04-12,Tampa Bay Rays,New York Yankees,0.8242,82.4,80-85,1,1,1,2026
2026-04-12,St. Louis Cardinals,Boston Red Sox,0.3727,62.7,60-65,0,0,1,2026
2026-04-12,Seattle Mariners,Houston Astros,0.7163,71.6,70-75,1,1,1,2026
2026-04-12,Philadelphia Phillies,Arizona Diamondbacks,0.4394,56.1,55-60,0,0,1,2026
2026-04-12,New York Mets,Oakland Athletics,0.8583,85.8,85-90,1,0,0,2026
2026-04-12,Milwaukee Brewers,Washington Nationals,0.499,50.1,50-55,0,0,1,2026
2026-04-12,Los Angeles Dodgers,Texas Rangers,0.4785,52.1,50-55,0,0,1,2026
2026-04-12,Kansas City Royals,Chicago White Sox,0.6141,61.4,60-65,1,0,0,2026
2026-04-12,Detroit Tigers,Miami Marlins,0.3186,68.1,65-70,0,1,0,2026
2026-04-12,Cincinnati Reds,Los Angeles Angels,0.2482,75.2,75-80,0,0,1,2026
2026-04-12,Chicago Cubs,Pittsburgh Pirates,0.6046,60.5,60-65,1,1,1,2026
2026-04-12,Baltimore Orioles,San Francisco Giants,0.7657,76.6,75-80,1,1,1,2026
2026-04-12,Atlanta Braves,Cleveland Guardians,0.85,85.0,85-90,1,1,1,2026
2026-04-13,St. Louis Cardinals,Cleveland Guardians,0.3033,69.7,65-70,0,0,1,2026
2026-04-13,Seattle Mariners,Houston Astros,0.3968,60.3,60-65,0,1,0,2026
2026-04-13,Philadelphia Phillies,Chicago Cubs,0.8409,84.1,80-85,1,1,1,2026
2026-04-13,New York Yankees,Los Angeles Angels,0.6,60.0,60-65,1,1,1,2026
2026-04-13,Minnesota Twins,Boston Red Sox,0.7681,76.8,75-80,1,1,1,2026
2026-04-13,Los Angeles Dodgers,New York Mets,0.8942,89.4,85-90,1,1,1,2026
2026-04-13,Baltimore Orioles,Arizona Diamondbacks,0.4624,53.8,50-55,0,1,0,2026
2026-04-13,Atlanta Braves,Miami Marlins,0.838,83.8,80-85,1,0,0,2026
2026-04-13,Oakland Athletics,Texas Rangers,0.3081,69.2,65-70,0,0,1,2026
2026-04-14,St. Louis Cardinals,Cleveland Guardians,0.3604,64.0,60-65,0,1,0,2026
2026-04-14,San Diego Padres,Seattle Mariners,0.501,50.1,50-55,1,1,1,2026
2026-04-14,Pittsburgh Pirates,Washington Nationals,0.6958,69.6,65-70,1,0,0,2026
2026-04-14,Philadelphia Phillies,Chicago Cubs,0.2985,70.2,70-75,0,0,1,2026
2026-04-14,New York Yankees,Los Angeles Angels,0.215,78.5,75-80,0,0,1,2026
2026-04-14,Minnesota Twins,Boston Red Sox,0.75,75.0,75-80,1,1,1,2026
2026-04-14,Milwaukee Brewers,Toronto Blue Jays,0.3739,62.6,60-65,0,0,1,2026
2026-04-14,Los Angeles Dodgers,New York Mets,0.5773,57.7,55-60,1,1,1,2026
2026-04-14,Detroit Tigers,Kansas City Royals,0.6634,66.3,65-70,1,1,1,2026
2026-04-14,Cincinnati Reds,San Francisco Giants,0.3082,69.2,65-70,0,1,0,2026
2026-04-14,Chicago White Sox,Tampa Bay Rays,0.1014,89.9,85-90,0,0,1,2026
2026-04-14,Baltimore Orioles,Arizona Diamondbacks,0.5541,55.4,55-60,1,0,0,2026
2026-04-14,Atlanta Braves,Miami Marlins,0.6509,65.1,65-70,1,1,1,2026
2026-04-14,Oakland Athletics,Texas Rangers,0.5693,56.9,55-60,1,1,1,2026
2026-04-15,St. Louis Cardinals,Cleveland Guardians,0.6452,64.5,60-65,1,1,1,2026
2026-04-15,San Diego Padres,Seattle Mariners,0.7738,77.4,75-80,1,1,1,2026
2026-04-15,Pittsburgh Pirates,Washington Nationals,0.6188,61.9,60-65,1,1,1,2026
2026-04-15,Philadelphia Phillies,Chicago Cubs,0.342,65.8,65-70,0,0,1,2026
2026-04-15,New York Yankees,Los Angeles Angels,0.4565,54.3,50-55,0,1,0,2026
2026-04-15,Minnesota Twins,Boston Red Sox,0.3372,66.3,65-70,0,0,1,2026
2026-04-15,Milwaukee Brewers,Toronto Blue Jays,0.764,76.4,75-80,1,1,1,2026
2026-04-15,Los Angeles Dodgers,New York Mets,0.8729,87.3,85-90,1,1,1,2026
2026-04-15,Houston Astros,Colorado Rockies,0.8604,86.0,85-90,1,1,1,2026
2026-04-15,Detroit Tigers,Kansas City Royals,0.4257,57.4,55-60,0,1,0,2026
2026-04-15,Cincinnati Reds,San Francisco Giants,0.4979,50.2,50-55,0,1,0,2026
2026-04-15,Chicago White Sox,Tampa Bay Rays,0.4239,57.6,55-60,0,0,1,2026
2026-04-15,Baltimore Orioles,Arizona Diamondbacks,0.5389,53.9,50-55,1,0,0,2026
2026-04-15,Atlanta Braves,Miami Marlins,0.6115,61.2,60-65,1,1,1,2026
2026-04-15,Oakland Athletics,Texas Rangers,0.767,76.7,75-80,1,1,1,2026
2026-04-16,San Diego Padres,Seattle Mariners,0.5075,50.8,50-55,1,1,1,2026
2026-04-16,Pittsburgh Pirates,Washington Nationals,0.5887,58.9,55-60,1,0,0,2026
2026-04-16,New York Yankees,Los Angeles Angels,0.2805,71.9,70-75,0,0,1,2026
2026-04-16,Milwaukee Brewers,Toronto Blue Jays,0.5762,57.6,55-60,1,1,1,2026
2026-04-16,Houston Astros,Colorado Rockies,0.8203,82.0,80-85,1,0,0,2026
2026-04-16,Detroit Tigers,Kansas City Royals,0.516,51.6,50-55,1,1,1,2026
2026-04-16,Cleveland Guardians,Baltimore Orioles,0.6531,65.3,65-70,1,1,1,2026
2026-04-16,Cincinnati Reds,San Francisco Giants,0.4089,59.1,55-60,0,0,1,2026
2026-04-16,Chicago White Sox,Tampa Bay Rays,0.2923,70.8,70-75,0,0,1,2026
2026-04-16,Oakland Athletics,Texas Rangers,0.283,71.7,70-75,0,0,1,2026
2026-04-17,Chicago Cubs,New York Mets,0.6211,62.1,60-65,1,1,1,2026
2026-04-17,Cleveland Guardians,Baltimore Orioles,0.4132,58.7,55-60,0,0,1,2026
2026-04-17,Philadelphia Phillies,Atlanta Braves,0.2883,71.2,70-75,0,0,1,2026
2026-04-17,Washington Nationals,San Francisco Giants,0.448,55.2,55-60,0,0,1,2026
2026-04-17,Pittsburgh Pirates,Tampa Bay Rays,0.5326,53.3,50-55,1,1,1,2026
2026-04-17,New York Yankees,Kansas City Royals,0.544,54.4,50-55,1,1,1,2026
2026-04-17,Miami Marlins,Milwaukee Brewers,0.4652,53.5,50-55,0,0,1,2026
2026-04-17,Boston Red Sox,Detroit Tigers,0.673,67.3,65-70,1,1,1,2026
2026-04-17,Houston Astros,St. Louis Cardinals,0.4267,57.3,55-60,0,0,1,2026
2026-04-17,Minnesota Twins,Cincinnati Reds,0.5225,52.2,50-55,1,0,0,2026
2026-04-17,Colorado Rockies,Los Angeles Dodgers,0.3442,65.6,65-70,0,0,1,2026
2026-04-17,Los Angeles Angels,San Diego Padres,0.606,60.6,60-65,1,1,1,2026
2026-04-17,Seattle Mariners,Texas Rangers,0.5396,54.0,50-55,1,0,0,2026
2026-04-17,Arizona Diamondbacks,Toronto Blue Jays,0.498,50.2,50-55,0,1,0,2026
2026-04-17,Oakland Athletics,Chicago White Sox,0.6293,62.9,60-65,1,0,0,2026
2026-04-18,New York Yankees,Kansas City Royals,0.4281,57.2,55-60,0,1,0,2026
2026-04-18,Minnesota Twins,Cincinnati Reds,0.7975,79.7,75-80,1,0,0,2026
2026-04-18,Chicago Cubs,New York Mets,0.3977,60.2,60-65,0,1,0,2026
2026-04-18,Pittsburgh Pirates,Tampa Bay Rays,0.5795,57.9,55-60,1,0,0,2026
2026-04-18,Washington Nationals,San Francisco Giants,0.5458,54.6,50-55,1,0,0,2026
2026-04-18,Oakland Athletics,Chicago White Sox,0.5865,58.7,55-60,1,1,1,2026
2026-04-18,Boston Red Sox,Detroit Tigers,0.38,62.0,60-65,0,0,1,2026
2026-04-18,Miami Marlins,Milwaukee Brewers,0.5293,52.9,50-55,1,0,0,2026
2026-04-18,Cleveland Guardians,Baltimore Orioles,0.6733,67.3,65-70,1,1,1,2026
2026-04-18,Houston Astros,St. Louis Cardinals,0.5151,51.5,50-55,1,0,0,2026
2026-04-18,Seattle Mariners,Texas Rangers,0.3423,65.8,65-70,0,1,0,2026
2026-04-18,Philadelphia Phillies,Atlanta Braves,0.557,55.7,55-60,1,0,0,2026
2026-04-18,Colorado Rockies,Los Angeles Dodgers,0.3019,69.8,65-70,0,1,0,2026
2026-04-18,Arizona Diamondbacks,Toronto Blue Jays,0.4671,53.3,50-55,0,1,0,2026
2026-04-18,Los Angeles Angels,San Diego Padres,0.4371,56.3,55-60,0,0,1,2026
2026-04-19,Washington Nationals,San Francisco Giants,0.3841,61.6,60-65,0,1,0,2026
2026-04-19,Pittsburgh Pirates,Tampa Bay Rays,0.4859,51.4,50-55,0,1,0,2026
2026-04-19,New York Yankees,Kansas City Royals,0.4894,51.1,50-55,0,1,0,2026
2026-04-19,Cleveland Guardians,Baltimore Orioles,0.4644,53.6,50-55,0,1,0,2026
2026-04-19,Miami Marlins,Milwaukee Brewers,0.6755,67.5,65-70,1,1,1,2026
2026-04-19,Houston Astros,St. Louis Cardinals,0.4728,52.7,50-55,0,0,1,2026
2026-04-19,Minnesota Twins,Cincinnati Reds,0.5027,50.3,50-55,1,0,0,2026
2026-04-19,Chicago Cubs,New York Mets,0.5794,57.9,55-60,1,1,1,2026
2026-04-19,Colorado Rockies,Los Angeles Dodgers,0.3449,65.5,65-70,0,1,0,2026
2026-04-19,Oakland Athletics,Chicago White Sox,0.3225,67.7,65-70,0,0,1,2026
2026-04-19,Los Angeles Angels,San Diego Padres,0.4152,58.5,55-60,0,0,1,2026
2026-04-19,Seattle Mariners,Texas Rangers,0.467,53.3,50-55,0,1,0,2026
2026-04-19,Arizona Diamondbacks,Toronto Blue Jays,0.4204,58.0,55-60,0,0,1,2026
2026-04-19,Boston Red Sox,Detroit Tigers,0.5189,51.9,50-55,1,0,0,2026
2026-04-19,Philadelphia Phillies,Atlanta Braves,0.165,83.5,80-85,0,0,1,2026
2026-04-20,Boston Red Sox,Detroit Tigers,0.439,56.1,55-60,0,1,0,2026
2026-04-20,Cleveland Guardians,Houston Astros,0.376,62.4,60-65,0,0,1,2026
2026-04-20,Tampa Bay Rays,Cincinnati Reds,0.6074,60.7,60-65,1,0,0,2026
2026-04-20,Miami Marlins,St. Louis Cardinals,0.6674,66.7,65-70,1,1,1,2026
2026-04-20,Washington Nationals,Atlanta Braves,0.3102,69.0,65-70,0,0,1,2026
2026-05-01,Chicago Cubs,Arizona Diamondbacks,0.4724,52.8,50-55,0,1,0,2026
2026-05-01,Detroit Tigers,Texas Rangers,0.3707,62.9,60-65,0,0,1,2026
2026-05-01,Pittsburgh Pirates,Cincinnati Reds,0.6009,60.1,60-65,1,1,1,2026
2026-05-01,Washington Nationals,Milwaukee Brewers,0.2847,71.5,70-75,0,0,1,2026
2026-05-01,New York Yankees,Baltimore Orioles,0.5358,53.6,50-55,1,1,1,2026
2026-05-01,Boston Red Sox,Houston Astros,0.3828,61.7,60-65,0,1,0,2026
2026-05-01,Tampa Bay Rays,San Francisco Giants,0.6266,62.7,60-65,1,1,1,2026
2026-05-01,Miami Marlins,Philadelphia Phillies,0.3647,63.5,60-65,0,0,1,2026
2026-05-01,Minnesota Twins,Toronto Blue Jays,0.4144,58.6,55-60,0,0,1,2026
2026-05-01,St. Louis Cardinals,Los Angeles Dodgers,0.5064,50.6,50-55,1,1,1,2026
2026-05-01,Colorado Rockies,Atlanta Braves,0.5005,50.0,50-55,1,0,0,2026
2026-05-01,Los Angeles Angels,New York Mets,0.5374,53.7,50-55,1,0,0,2026
2026-05-01,Oakland Athletics,Cleveland Guardians,0.5599,56.0,55-60,1,0,0,2026
2026-05-01,San Diego Padres,Chicago White Sox,0.2893,71.1,70-75,0,0,1,2026
2026-05-01,Seattle Mariners,Kansas City Royals,0.6195,61.9,60-65,1,0,0,2026
2026-05-02,New York Yankees,Baltimore Orioles,0.5471,54.7,50-55,1,1,1,2026
2026-05-02,Minnesota Twins,Toronto Blue Jays,0.3076,69.2,65-70,0,0,1,2026
2026-05-02,Chicago Cubs,Arizona Diamondbacks,0.7001,70.0,70-75,1,1,1,2026
2026-05-02,Oakland Athletics,Cleveland Guardians,0.4748,52.5,50-55,0,0,1,2026
2026-05-02,Pittsburgh Pirates,Cincinnati Reds,0.7082,70.8,70-75,1,1,1,2026
2026-05-02,Washington Nationals,Milwaukee Brewers,0.3307,66.9,65-70,0,0,1,2026
2026-05-02,Boston Red Sox,Houston Astros,0.406,59.4,55-60,0,0,1,2026
2026-05-02,Miami Marlins,Philadelphia Phillies,0.7288,72.9,70-75,1,1,1,2026
2026-05-02,Tampa Bay Rays,San Francisco Giants,0.5914,59.1,55-60,1,1,1,2026
2026-05-02,St. Louis Cardinals,Los Angeles Dodgers,0.4361,56.4,55-60,0,1,0,2026
2026-05-02,Detroit Tigers,Texas Rangers,0.5695,56.9,55-60,1,1,1,2026
2026-05-02,Colorado Rockies,Atlanta Braves,0.309,69.1,65-70,0,0,1,2026
2026-05-02,San Diego Padres,Chicago White Sox,0.6536,65.4,65-70,1,0,0,2026
2026-05-02,Los Angeles Angels,New York Mets,0.5145,51.5,50-55,1,1,1,2026
2026-05-02,Seattle Mariners,Kansas City Royals,0.4258,57.4,55-60,0,0,1,2026
2026-05-03,Minnesota Twins,Toronto Blue Jays,0.3969,60.3,60-65,0,1,0,2026
2026-05-03,Boston Red Sox,Houston Astros,0.3131,68.7,65-70,0,0,1,2026
2026-05-03,Pittsburgh Pirates,Cincinnati Reds,0.5871,58.7,55-60,1,1,1,2026
2026-05-03,New York Yankees,Baltimore Orioles,0.6207,62.1,60-65,1,1,1,2026
2026-05-03,Washington Nationals,Milwaukee Brewers,0.3746,62.5,60-65,0,1,0,2026
2026-05-03,Tampa Bay Rays,San Francisco Giants,0.6628,66.3,65-70,1,1,1,2026
2026-05-03,Miami Marlins,Philadelphia Phillies,0.7262,72.6,70-75,1,0,0,2026
2026-05-03,St. Louis Cardinals,Los Angeles Dodgers,0.3245,67.5,65-70,0,0,1,2026
2026-05-03,Chicago Cubs,Arizona Diamondbacks,0.5241,52.4,50-55,1,1,1,2026
2026-05-03,Colorado Rockies,Atlanta Braves,0.6815,68.1,65-70,1,0,0,2026
2026-05-03,Oakland Athletics,Cleveland Guardians,0.4871,51.3,50-55,0,1,0,2026
2026-05-03,Los Angeles Angels,New York Mets,0.5738,57.4,55-60,1,0,0,2026
2026-05-03,Seattle Mariners,Kansas City Royals,0.215,78.5,75-80,0,0,1,2026
2026-05-03,San Diego Padres,Chicago White Sox,0.3453,65.5,65-70,0,1,0,2026
2026-05-03,Detroit Tigers,Texas Rangers,0.4021,59.8,55-60,0,1,0,2026
2026-05-04,Colorado Rockies,New York Mets,0.3423,65.8,65-70,0,0,1,2026
2026-05-04,Detroit Tigers,Boston Red Sox,0.2737,72.6,70-75,0,0,1,2026
2026-05-04,Tampa Bay Rays,Toronto Blue Jays,0.5186,51.9,50-55,1,1,1,2026
2026-05-04,Miami Marlins,Philadelphia Phillies,0.357,64.3,60-65,0,0,1,2026
2026-05-04,New York Yankees,Baltimore Orioles,0.5969,59.7,55-60,1,1,1,2026
2026-05-04,Chicago Cubs,Cincinnati Reds,0.7525,75.3,75-80,1,1,1,2026
2026-05-04,Kansas City Royals,Cleveland Guardians,0.6425,64.3,60-65,1,1,1,2026
2026-05-04,St. Louis Cardinals,Milwaukee Brewers,0.4257,57.4,55-60,0,1,0,2026
2026-05-04,Houston Astros,Los Angeles Dodgers,0.5498,55.0,55-60,1,0,0,2026
2026-05-04,Los Angeles Angels,Chicago White Sox,0.3019,69.8,65-70,0,0,1,2026
2026-05-04,Seattle Mariners,Atlanta Braves,0.5693,56.9,55-60,1,1,1,2026
2026-05-04,San Francisco Giants,San Diego Padres,0.379,62.1,60-65,0,1,0,2026
2026-05-05,Detroit Tigers,Boston Red Sox,0.6811,68.1,65-70,1,0,0,2026
2026-05-05,Tampa Bay Rays,Toronto Blue Jays,0.5978,59.8,55-60,1,1,1,2026
2026-05-12,Cleveland Guardians,Los Angeles Angels,0.3591,64.1,60-65,0,1,0,2026
2026-05-12,Baltimore Orioles,New York Yankees,0.3944,60.6,60-65,0,0,1,2026
2026-05-12,Cincinnati Reds,Washington Nationals,0.4939,50.6,50-55,0,0,1,2026
2026-05-12,Pittsburgh Pirates,Colorado Rockies,0.6755,67.6,65-70,1,1,1,2026
2026-05-12,Boston Red Sox,Philadelphia Phillies,0.3007,69.9,65-70,0,0,1,2026
2026-05-12,Toronto Blue Jays,Tampa Bay Rays,0.4234,57.7,55-60,0,0,1,2026
2026-05-12,New York Mets,Detroit Tigers,0.7351,73.5,70-75,1,1,1,2026
2026-05-12,Atlanta Braves,Chicago Cubs,0.4232,57.7,55-60,0,1,0,2026
2026-05-12,Chicago White Sox,Kansas City Royals,0.4629,53.7,50-55,0,1,0,2026
2026-05-12,Minnesota Twins,Miami Marlins,0.612,61.2,60-65,1,1,1,2026
2026-05-12,Milwaukee Brewers,San Diego Padres,0.5454,54.5,50-55,1,1,1,2026
2026-05-12,Texas Rangers,Arizona Diamondbacks,0.4847,51.5,50-55,0,1,0,2026
2026-05-12,Houston Astros,Seattle Mariners,0.3193,68.1,65-70,0,0,1,2026
2026-05-12,Oakland Athletics,St. Louis Cardinals,0.6454,64.5,60-65,1,0,0,2026
2026-05-12,Los Angeles Dodgers,San Francisco Giants,0.4206,57.9,55-60,0,0,1,2026
2026-05-13,Baltimore Orioles,New York Yankees,0.634,63.4,60-65,1,1,1,2026
2026-05-13,Cleveland Guardians,Los Angeles Angels,0.5715,57.2,55-60,1,1,1,2026
2026-05-13,Cincinnati Reds,Washington Nationals,0.6145,61.5,60-65,1,0,0,2026
2026-05-13,Pittsburgh Pirates,Colorado Rockies,0.2839,71.6,70-75,0,0,1,2026
2026-05-13,Boston Red Sox,Philadelphia Phillies,0.2933,70.7,70-75,0,1,0,2026
2026-05-13,Toronto Blue Jays,Tampa Bay Rays,0.3599,64.0,60-65,0,1,0,2026
2026-05-13,New York Mets,Detroit Tigers,0.5178,51.8,50-55,1,1,1,2026
2026-05-13,Atlanta Braves,Chicago Cubs,0.4923,50.8,50-55,0,1,0,2026
2026-05-13,Chicago White Sox,Kansas City Royals,0.2007,79.9,75-80,0,1,0,2026
2026-05-13,Minnesota Twins,Miami Marlins,0.2955,70.5,70-75,0,0,1,2026
2026-05-13,Milwaukee Brewers,San Diego Padres,0.5378,53.8,50-55,1,0,0,2026
2026-05-13,Texas Rangers,Arizona Diamondbacks,0.4962,50.4,50-55,0,1,0,2026
2026-05-13,Houston Astros,Seattle Mariners,0.5681,56.8,55-60,1,1,1,2026
2026-05-13,Oakland Athletics,St. Louis Cardinals,0.7982,79.8,75-80,1,1,1,2026
2026-05-13,Los Angeles Dodgers,San Francisco Giants,0.816,81.6,80-85,1,1,1,2026
2026-05-14,Pittsburgh Pirates,Colorado Rockies,0.7492,74.9,70-75,1,1,1,2026
2026-05-14,Cincinnati Reds,Washington Nationals,0.6802,68.0,65-70,1,1,1,2026
2026-05-14,New York Mets,Detroit Tigers,0.5396,54.0,50-55,1,1,1,2026
2026-05-14,Minnesota Twins,Miami Marlins,0.6236,62.4,60-65,1,1,1,2026
2026-05-14,Milwaukee Brewers,San Diego Padres,0.5596,56.0,55-60,1,1,1,2026
2026-05-14,Houston Astros,Seattle Mariners,0.3416,65.8,65-70,0,0,1,2026
2026-05-14,Oakland Athletics,St. Louis Cardinals,0.4997,50.0,50-55,0,0,1,2026
2026-05-14,Boston Red Sox,Philadelphia Phillies,0.5341,53.4,50-55,1,0,0,2026
2026-05-14,Atlanta Braves,Chicago Cubs,0.6456,64.6,60-65,1,0,0,2026
2026-05-14,Chicago White Sox,Kansas City Royals,0.3001,70.0,70-75,0,1,0,2026
2026-05-14,Los Angeles Dodgers,San Francisco Giants,0.5049,50.5,50-55,1,1,1,2026
2026-05-15,Pittsburgh Pirates,Philadelphia Phillies,0.6261,62.6,60-65,1,0,0,2026
2026-05-15,Washington Nationals,Baltimore Orioles,0.4659,53.4,50-55,0,1,0,2026
2026-05-15,Detroit Tigers,Toronto Blue Jays,0.341,65.9,65-70,0,1,0,2026
2026-05-15,Cleveland Guardians,Cincinnati Reds,0.5079,50.8,50-55,1,0,0,2026
2026-05-15,Tampa Bay Rays,Miami Marlins,0.6246,62.5,60-65,1,1,1,2026
2026-05-15,Minnesota Twins,Milwaukee Brewers,0.3366,66.3,65-70,0,0,1,2026
2026-05-15,Atlanta Braves,Boston Red Sox,0.4702,53.0,50-55,0,1,0,2026
2026-05-15,New York Mets,New York Yankees,0.543,54.3,50-55,1,0,0,2026
2026-05-15,Chicago White Sox,Chicago Cubs,0.4124,58.8,55-60,0,0,1,2026
2026-05-15,Houston Astros,Texas Rangers,0.6679,66.8,65-70,1,1,1,2026
2026-05-15,St. Louis Cardinals,Kansas City Royals,0.327,67.3,65-70,0,1,0,2026
2026-05-15,Colorado Rockies,Arizona Diamondbacks,0.586,58.6,55-60,1,0,0,2026
2026-05-15,Los Angeles Angels,Los Angeles Dodgers,0.3601,64.0,60-65,0,0,1,2026
2026-05-15,Seattle Mariners,San Diego Padres,0.6035,60.3,60-65,1,0,0,2026
2026-05-15,Oakland Athletics,San Francisco Giants,0.6735,67.4,65-70,1,1,1,2026
2026-05-16,Detroit Tigers,Toronto Blue Jays,0.4102,59.0,55-60,0,0,1,2026
2026-05-16,St. Louis Cardinals,Kansas City Royals,0.5212,52.1,50-55,1,1,1,2026
2026-05-16,Colorado Rockies,Arizona Diamondbacks,0.2827,71.7,70-75,0,1,0,2026
2026-05-16,Washington Nationals,Baltimore Orioles,0.5752,57.5,55-60,1,1,1,2026
2026-05-16,Pittsburgh Pirates,Philadelphia Phillies,0.268,73.2,70-75,0,0,1,2026
2026-05-16,Tampa Bay Rays,Miami Marlins,0.4425,55.8,55-60,0,0,1,2026
2026-05-16,Cleveland Guardians,Cincinnati Reds,0.4008,59.9,55-60,0,1,0,2026
2026-05-16,Houston Astros,Texas Rangers,0.3535,64.6,60-65,0,1,0,2026
2026-05-16,Chicago White Sox,Chicago Cubs,0.6932,69.3,65-70,1,1,1,2026
2026-05-16,Minnesota Twins,Milwaukee Brewers,0.5243,52.4,50-55,1,0,0,2026
2026-05-16,Atlanta Braves,Boston Red Sox,0.6047,60.5,60-65,1,0,0,2026
2026-05-16,Seattle Mariners,San Diego Padres,0.6064,60.6,60-65,1,0,0,2026
2026-05-16,New York Mets,New York Yankees,0.4534,54.7,50-55,0,1,0,2026
2026-05-16,Los Angeles Angels,Los Angeles Dodgers,0.4304,57.0,55-60,0,0,1,2026
2026-05-16,Athletics,San Francisco Giants,0.3171,68.3,65-70,0,0,1,2026
2026-05-17,Tampa Bay Rays,Miami Marlins,0.7303,73.0,70-75,1,1,1,2026
2026-05-17,Washington Nationals,Baltimore Orioles,0.4179,58.2,55-60,0,0,1,2026
2026-05-17,Pittsburgh Pirates,Philadelphia Phillies,0.5352,53.5,50-55,1,0,0,2026
2026-05-17,Atlanta Braves,Boston Red Sox,0.8221,82.2,80-85,1,1,1,2026
2026-05-17,Cleveland Guardians,Cincinnati Reds,0.6849,68.5,65-70,1,1,1,2026
2026-05-17,Detroit Tigers,Toronto Blue Jays,0.4426,55.7,55-60,0,0,1,2026
2026-05-17,New York Mets,New York Yankees,0.1818,81.8,80-85,0,1,0,2026
2026-05-17,Houston Astros,Texas Rangers,0.3874,61.3,60-65,0,0,1,2026
2026-05-17,Chicago White Sox,Chicago Cubs,0.3712,62.9,60-65,0,1,0,2026
2026-05-17,Minnesota Twins,Milwaukee Brewers,0.4009,59.9,55-60,0,1,0,2026
2026-05-17,St. Louis Cardinals,Kansas City Royals,0.3437,65.6,65-70,0,0,1,2026
2026-05-17,Colorado Rockies,Arizona Diamondbacks,0.4358,56.4,55-60,0,0,1,2026
2026-05-17,Athletics,San Francisco Giants,0.7476,74.8,70-75,1,0,0,2026
2026-05-17,Los Angeles Angels,Los Angeles Dodgers,0.6454,64.5,60-65,1,0,0,2026
2026-05-17,Seattle Mariners,San Diego Padres,0.4261,57.4,55-60,0,0,1,2026
2026-05-18,Detroit Tigers,Cleveland Guardians,0.2102,79.0,75-80,0,0,1,2026
2026-05-18,Tampa Bay Rays,Baltimore Orioles,0.691,69.1,65-70,1,1,1,2026
2026-05-18,Philadelphia Phillies,Cincinnati Reds,0.5208,52.1,50-55,1,1,1,2026
2026-05-18,Miami Marlins,Atlanta Braves,0.7956,79.6,75-80,1,1,1,2026
2026-05-18,Washington Nationals,New York Mets,0.7432,74.3,70-75,1,0,0,2026
2026-05-18,New York Yankees,Toronto Blue Jays,0.646,64.6,60-65,1,1,1,2026
2026-05-18,Kansas City Royals,Boston Red Sox,0.3611,63.9,60-65,0,0,1,2026
2026-05-18,Chicago Cubs,Milwaukee Brewers,0.6619,66.2,65-70,1,0,0,2026
2026-05-18,Minnesota Twins,Houston Astros,0.6583,65.8,65-70,1,1,1,2026
2026-05-18,Colorado Rockies,Texas Rangers,0.5117,51.2,50-55,1,1,1,2026
2026-05-18,Los Angeles Angels,Athletics,0.4376,56.2,55-60,0,1,0,2026
2026-05-18,San Diego Padres,Los Angeles Dodgers,0.3576,64.2,60-65,0,1,0,2026
2026-05-18,Arizona Diamondbacks,San Francisco Giants,0.7552,75.5,75-80,1,1,1,2026
2026-05-18,Seattle Mariners,Chicago White Sox,0.6429,64.3,60-65,1,1,1,2026
2026-05-19,Miami Marlins,Atlanta Braves,0.3219,67.8,65-70,0,0,1,2026
2026-05-19,Detroit Tigers,Cleveland Guardians,0.1773,82.3,80-85,0,0,1,2026
2026-05-19,Tampa Bay Rays,Baltimore Orioles,0.7033,70.3,70-75,1,1,1,2026
2026-05-19,Philadelphia Phillies,Cincinnati Reds,0.2462,75.4,75-80,0,0,1,2026
2026-05-19,Washington Nationals,New York Mets,0.6532,65.3,65-70,1,1,1,2026
2026-05-19,New York Yankees,Toronto Blue Jays,0.5761,57.6,55-60,1,1,1,2026
2026-05-19,Kansas City Royals,Boston Red Sox,0.4601,54.0,50-55,0,0,1,2026
2026-05-19,Minnesota Twins,Houston Astros,0.5261,52.6,50-55,1,0,0,2026
2026-05-19,Chicago Cubs,Milwaukee Brewers,0.1826,81.7,80-85,0,0,1,2026
2026-05-19,St. Louis Cardinals,Pittsburgh Pirates,0.3293,67.1,65-70,0,1,0,2026
2026-05-19,Colorado Rockies,Texas Rangers,0.3835,61.6,60-65,0,0,1,2026
2026-05-19,Los Angeles Angels,Athletics,0.3026,69.7,65-70,0,0,1,2026
2026-05-19,San Diego Padres,Los Angeles Dodgers,0.3023,69.8,65-70,0,0,1,2026
2026-05-19,Arizona Diamondbacks,San Francisco Giants,0.5276,52.8,50-55,1,1,1,2026
2026-05-19,Seattle Mariners,Chicago White Sox,0.1621,83.8,80-85,0,0,1,2026
2026-05-20,Philadelphia Phillies,Cincinnati Reds,0.3068,69.3,65-70,0,0,1,2026
2026-05-20,Tampa Bay Rays,Baltimore Orioles,0.5191,51.9,50-55,1,1,1,2026
2026-05-20,Minnesota Twins,Houston Astros,0.6976,69.8,65-70,1,1,1,2026
2026-05-20,Arizona Diamondbacks,San Francisco Giants,0.6381,63.8,60-65,1,1,1,2026
2026-05-20,Colorado Rockies,Texas Rangers,0.5732,57.3,55-60,1,0,0,2026
2026-05-20,Seattle Mariners,Chicago White Sox,0.5202,52.0,50-55,1,1,1,2026
2026-05-20,Detroit Tigers,Cleveland Guardians,0.3657,63.4,60-65,0,0,1,2026
2026-05-20,Miami Marlins,Atlanta Braves,0.1949,80.5,80-85,0,0,1,2026
2026-05-20,Washington Nationals,New York Mets,0.7508,75.1,75-80,1,1,1,2026
2026-05-20,New York Yankees,Toronto Blue Jays,0.4289,57.1,55-60,0,0,1,2026
2026-05-20,Kansas City Royals,Boston Red Sox,0.6038,60.4,60-65,1,0,0,2026
2026-05-20,Chicago Cubs,Milwaukee Brewers,0.4337,56.6,55-60,0,0,1,2026
2026-05-20,St. Louis Cardinals,Pittsburgh Pirates,0.2167,78.3,75-80,0,0,1,2026
2026-05-20,San Diego Padres,Los Angeles Dodgers,0.1623,83.8,80-85,0,0,1,2026
2026-05-20,Los Angeles Angels,Athletics,0.3096,69.0,65-70,0,0,1,2026
2026-05-21,Detroit Tigers,Cleveland Guardians,0.2716,72.8,70-75,0,0,1,2026
2026-05-21,St. Louis Cardinals,Pittsburgh Pirates,0.2523,74.8,70-75,0,0,1,2026
2026-05-21,Washington Nationals,New York Mets,0.6471,64.7,60-65,1,0,0,2026
2026-05-21,Miami Marlins,Atlanta Braves,0.3823,61.8,60-65,0,0,1,2026
2026-05-21,New York Yankees,Toronto Blue Jays,0.3812,61.9,60-65,0,0,1,2026
2026-05-21,Los Angeles Angels,Athletics,0.4867,51.3,50-55,0,0,1,2026
2026-05-21,Arizona Diamondbacks,Colorado Rockies,0.6239,62.4,60-65,1,1,1,2026
2026-05-22,Chicago Cubs,Houston Astros,0.3558,64.4,60-65,0,0,1,2026
2026-05-22,Philadelphia Phillies,Cleveland Guardians,0.5109,51.1,50-55,1,0,0,2026
2026-05-22,New York Yankees,Tampa Bay Rays,0.5377,53.8,50-55,1,0,0,2026
2026-05-22,Toronto Blue Jays,Pittsburgh Pirates,0.6957,69.6,65-70,1,1,1,2026
2026-05-22,Boston Red Sox,Minnesota Twins,0.4845,51.5,50-55,0,0,1,2026
2026-05-22,Miami Marlins,New York Mets,0.8329,83.3,80-85,1,1,1,2026
2026-05-22,Baltimore Orioles,Detroit Tigers,0.7707,77.1,75-80,1,1,1,2026
2026-05-22,Atlanta Braves,Washington Nationals,0.6055,60.5,60-65,1,1,1,2026
2026-05-22,Kansas City Royals,Seattle Mariners,0.5495,54.9,50-55,1,0,0,2026
2026-05-22,Milwaukee Brewers,Los Angeles Dodgers,0.4795,52.1,50-55,0,1,0,2026
2026-05-22,Los Angeles Angels,Texas Rangers,0.6862,68.6,65-70,1,1,1,2026
2026-05-22,Arizona Diamondbacks,Colorado Rockies,0.6134,61.3,60-65,1,0,0,2026
2026-05-22,San Diego Padres,Athletics,0.3048,69.5,65-70,0,1,0,2026
2026-05-22,San Francisco Giants,Chicago White Sox,0.6501,65.0,65-70,1,0,0,2026
2026-05-23,Cincinnati Reds,St. Louis Cardinals,0.5534,55.3,55-60,1,0,0,2026
2026-05-23,Chicago Cubs,Houston Astros,0.7925,79.3,75-80,1,0,0,2026
2026-05-23,Toronto Blue Jays,Pittsburgh Pirates,0.7161,71.6,70-75,1,1,1,2026
2026-05-23,San Francisco Giants,Chicago White Sox,0.2684,73.2,70-75,0,1,0,2026
2026-05-23,Kansas City Royals,Seattle Mariners,0.5523,55.2,55-60,1,1,1,2026
2026-05-23,Boston Red Sox,Minnesota Twins,0.2441,75.6,75-80,0,0,1,2026
2026-05-23,Miami Marlins,New York Mets,0.6947,69.5,65-70,1,1,1,2026
2026-05-23,Cincinnati Reds,St. Louis Cardinals,0.463,53.7,50-55,0,1,0,2026
2026-05-23,Philadelphia Phillies,Cleveland Guardians,0.7346,73.5,70-75,1,1,1,2026
2026-05-23,Atlanta Braves,Washington Nationals,0.3302,67.0,65-70,0,0,1,2026
2026-05-23,Milwaukee Brewers,Los Angeles Dodgers,0.5795,57.9,55-60,1,0,0,2026
2026-05-23,San Diego Padres,Athletics,0.2319,76.8,75-80,0,1,0,2026
2026-05-23,Los Angeles Angels,Texas Rangers,0.4476,55.2,55-60,0,1,0,2026
2026-05-23,Arizona Diamondbacks,Colorado Rockies,0.6942,69.4,65-70,1,1,1,2026
2026-05-24,Toronto Blue Jays,Pittsburgh Pirates,0.3199,68.0,65-70,0,0,1,2026
2026-05-24,Baltimore Orioles,Detroit Tigers,0.3706,62.9,60-65,0,1,0,2026
2026-05-24,Boston Red Sox,Minnesota Twins,0.4339,56.6,55-60,0,0,1,2026
2026-05-24,Philadelphia Phillies,Cleveland Guardians,0.2367,76.3,75-80,0,0,1,2026
2026-05-24,New York Yankees,Tampa Bay Rays,0.6798,68.0,65-70,1,1,1,2026
2026-05-24,Miami Marlins,New York Mets,0.5885,58.9,55-60,1,1,1,2026
2026-05-24,Kansas City Royals,Seattle Mariners,0.6292,62.9,60-65,1,1,1,2026
2026-05-24,Milwaukee Brewers,Los Angeles Dodgers,0.2747,72.5,70-75,0,0,1,2026
2026-05-24,Chicago Cubs,Houston Astros,0.507,50.7,50-55,1,0,0,2026
2026-05-24,Baltimore Orioles,Detroit Tigers,0.4362,56.4,55-60,0,0,1,2026
2026-05-24,San Francisco Giants,Chicago White Sox,0.4594,54.1,50-55,0,1,0,2026
2026-05-24,Arizona Diamondbacks,Colorado Rockies,0.8235,82.3,80-85,1,1,1,2026
2026-05-24,San Diego Padres,Athletics,0.1624,83.8,80-85,0,0,1,2026
2026-05-24,Atlanta Braves,Washington Nationals,0.2068,79.3,75-80,0,0,1,2026
2026-05-24,Los Angeles Angels,Texas Rangers,0.5828,58.3,55-60,1,1,1,2026
2026-05-25,Pittsburgh Pirates,Chicago Cubs,0.5685,56.8,55-60,1,1,1,2026
2026-05-25,Baltimore Orioles,Tampa Bay Rays,0.4846,51.5,50-55,0,1,0,2026
2026-05-25,Chicago White Sox,Minnesota Twins,0.5424,54.2,50-55,1,1,1,2026
2026-05-25,Milwaukee Brewers,St. Louis Cardinals,0.5801,58.0,55-60,1,1,1,2026
2026-05-25,Kansas City Royals,New York Yankees,0.3382,66.2,65-70,0,0,1,2026
2026-05-25,New York Mets,Cincinnati Reds,0.132,86.8,85-90,0,0,1,2026
2026-05-25,San Francisco Giants,Arizona Diamondbacks,0.3557,64.4,60-65,0,0,1,2026
2026-05-25,Cleveland Guardians,Washington Nationals,0.331,66.9,65-70,0,0,1,2026
2026-05-25,San Diego Padres,Philadelphia Phillies,0.227,77.3,75-80,0,0,1,2026
2026-05-25,Texas Rangers,Houston Astros,0.3294,67.1,65-70,0,0,1,2026
2026-05-25,Toronto Blue Jays,Miami Marlins,0.3646,63.5,60-65,0,0,1,2026
2026-05-25,Los Angeles Dodgers,Colorado Rockies,0.8821,88.2,85-90,1,1,1,2026
2026-05-25,Athletics,Seattle Mariners,0.4802,52.0,50-55,0,0,1,2026
2026-05-26,Cleveland Guardians,Washington Nationals,0.1665,83.4,80-85,0,0,1,2026
2026-05-26,Baltimore Orioles,Tampa Bay Rays,0.6969,69.7,65-70,1,1,1,2026
2026-05-26,Detroit Tigers,Los Angeles Angels,0.4664,53.4,50-55,0,0,1,2026
2026-05-26,Pittsburgh Pirates,Chicago Cubs,0.596,59.6,55-60,1,1,1,2026
2026-05-26,Boston Red Sox,Atlanta Braves,0.5585,55.9,55-60,1,0,0,2026
2026-05-26,Toronto Blue Jays,Miami Marlins,0.7208,72.1,70-75,1,1,1,2026
2026-05-26,New York Mets,Cincinnati Reds,0.3514,64.9,60-65,0,0,1,2026
2026-05-26,Chicago White Sox,Minnesota Twins,0.3994,60.1,60-65,0,0,1,2026
2026-05-26,Kansas City Royals,New York Yankees,0.2537,74.6,70-75,0,0,1,2026
2026-05-26,Milwaukee Brewers,St. Louis Cardinals,0.7435,74.4,70-75,1,1,1,2026
2026-05-26,Texas Rangers,Houston Astros,0.429,57.1,55-60,0,1,0,2026
2026-05-26,Athletics,Seattle Mariners,0.28,72.0,70-75,0,0,1,2026
2026-05-26,San Diego Padres,Philadelphia Phillies,0.2286,77.1,75-80,0,0,1,2026
2026-05-26,San Francisco Giants,Arizona Diamondbacks,0.1833,81.7,80-85,0,0,1,2026
2026-05-26,Los Angeles Dodgers,Colorado Rockies,0.7191,71.9,70-75,1,1,1,2026
2026-05-27,Toronto Blue Jays,Miami Marlins,0.3421,65.8,65-70,0,1,0,2026
2026-05-27,Cleveland Guardians,Washington Nationals,0.5513,55.1,55-60,1,1,1,2026
2026-05-27,Milwaukee Brewers,St. Louis Cardinals,0.2899,71.0,70-75,0,1,0,2026
2026-05-27,Athletics,Seattle Mariners,0.5834,58.3,55-60,1,0,0,2026
2026-05-27,San Francisco Giants,Arizona Diamondbacks,0.5485,54.9,50-55,1,0,0,2026
2026-05-27,San Diego Padres,Philadelphia Phillies,0.2297,77.0,75-80,0,0,1,2026
2026-05-27,Baltimore Orioles,Tampa Bay Rays,0.4594,54.1,50-55,0,1,0,2026
2026-05-27,Detroit Tigers,Los Angeles Angels,0.6682,66.8,65-70,1,1,1,2026
2026-05-27,Pittsburgh Pirates,Chicago Cubs,0.5063,50.6,50-55,1,0,0,2026
2026-05-27,Boston Red Sox,Atlanta Braves,0.7755,77.5,75-80,1,1,1,2026
2026-05-27,New York Mets,Cincinnati Reds,0.4559,54.4,50-55,0,1,0,2026
2026-05-27,Chicago White Sox,Minnesota Twins,0.8061,80.6,80-85,1,1,1,2026
2026-05-27,Kansas City Royals,New York Yankees,0.3377,66.2,65-70,0,0,1,2026
2026-05-27,Texas Rangers,Houston Astros,0.2971,70.3,70-75,0,0,1,2026
2026-05-27,Los Angeles Dodgers,Colorado Rockies,0.8669,86.7,85-90,1,1,1,2026
2026-05-28,Detroit Tigers,Los Angeles Angels,0.3775,62.3,60-65,0,0,1,2026
2026-05-28,Chicago White Sox,Minnesota Twins,0.7306,73.1,70-75,1,1,1,2026
2026-05-28,Boston Red Sox,Atlanta Braves,0.4317,56.8,55-60,0,0,1,2026
2026-05-28,Baltimore Orioles,Toronto Blue Jays,0.3812,61.9,60-65,0,0,1,2026
2026-05-28,Pittsburgh Pirates,Chicago Cubs,0.643,64.3,60-65,1,0,0,2026
2026-05-28,Texas Rangers,Houston Astros,0.2656,73.4,70-75,0,0,1,2026
2026-05-29,Cincinnati Reds,Atlanta Braves,0.5939,59.4,55-60,1,0,0,2026
2026-05-29,Washington Nationals,San Diego Padres,0.6636,66.4,65-70,1,0,0,2026
2026-05-29,Pittsburgh Pirates,Minnesota Twins,0.7681,76.8,75-80,1,1,1,2026
2026-05-29,Baltimore Orioles,Toronto Blue Jays,0.345,65.5,65-70,0,0,1,2026
2026-05-29,Cleveland Guardians,Boston Red Sox,0.5437,54.4,50-55,1,1,1,2026
2026-05-29,Tampa Bay Rays,Los Angeles Angels,0.4835,51.7,50-55,0,1,0,2026
2026-05-29,New York Mets,Miami Marlins,0.5488,54.9,50-55,1,1,1,2026
2026-05-29,St. Louis Cardinals,Chicago Cubs,0.641,64.1,60-65,1,1,1,2026
2026-05-29,Chicago White Sox,Detroit Tigers,0.4763,52.4,50-55,0,1,0,2026
2026-05-29,Texas Rangers,Kansas City Royals,0.7136,71.4,70-75,1,1,1,2026
2026-05-29,Houston Astros,Milwaukee Brewers,0.5664,56.6,55-60,1,0,0,2026
2026-05-29,Colorado Rockies,San Francisco Giants,0.3772,62.3,60-65,0,1,0,2026
2026-05-29,Athletics,New York Yankees,0.5909,59.1,55-60,1,0,0,2026
2026-05-29,Seattle Mariners,Arizona Diamondbacks,0.5912,59.1,55-60,1,1,1,2026
2026-05-29,Los Angeles Dodgers,Philadelphia Phillies,0.7139,71.4,70-75,1,1,1,2026
2026-05-30,Chicago White Sox,Detroit Tigers,0.6286,62.9,60-65,1,1,1,2026
2026-05-30,Washington Nationals,San Diego Padres,0.6849,68.5,65-70,1,1,1,2026
2026-05-30,Texas Rangers,Kansas City Royals,0.5286,52.9,50-55,1,1,1,2026
2026-05-30,Baltimore Orioles,Toronto Blue Jays,0.3832,61.7,60-65,0,1,0,2026
2026-05-30,Pittsburgh Pirates,Minnesota Twins,0.655,65.5,65-70,1,1,1,2026
2026-05-30,Cleveland Guardians,Boston Red Sox,0.4363,56.4,55-60,0,0,1,2026
2026-05-30,Tampa Bay Rays,Los Angeles Angels,0.3656,63.4,60-65,0,0,1,2026
2026-05-30,New York Mets,Miami Marlins,0.5223,52.2,50-55,1,1,1,2026
2026-05-30,Houston Astros,Milwaukee Brewers,0.6198,62.0,60-65,1,1,1,2026
2026-05-30,St. Louis Cardinals,Chicago Cubs,0.5857,58.6,55-60,1,0,0,2026
2026-05-30,Cincinnati Reds,Atlanta Braves,0.5022,50.2,50-55,1,0,0,2026
2026-05-30,Colorado Rockies,San Francisco Giants,0.5849,58.5,55-60,1,1,1,2026
2026-05-30,Athletics,New York Yankees,0.627,62.7,60-65,1,1,1,2026
2026-05-30,Seattle Mariners,Arizona Diamondbacks,0.8038,80.4,80-85,1,1,1,2026
2026-05-30,Los Angeles Dodgers,Philadelphia Phillies,0.7949,79.5,75-80,1,0,0,2026
2026-05-31,Baltimore Orioles,Toronto Blue Jays,0.733,73.3,70-75,1,1,1,2026
2026-05-31,Washington Nationals,San Diego Padres,0.5872,58.7,55-60,1,1,1,2026
2026-05-31,Pittsburgh Pirates,Minnesota Twins,0.6474,64.7,60-65,1,1,1,2026
2026-05-31,Cleveland Guardians,Boston Red Sox,0.4099,59.0,55-60,0,0,1,2026
2026-05-31,Tampa Bay Rays,Los Angeles Angels,0.7966,79.7,75-80,1,1,1,2026
2026-05-31,Cincinnati Reds,Atlanta Braves,0.6235,62.4,60-65,1,1,1,2026
2026-05-31,New York Mets,Miami Marlins,0.6032,60.3,60-65,1,1,1,2026
2026-05-31,Chicago White Sox,Detroit Tigers,0.5254,52.5,50-55,1,1,1,2026
2026-05-31,Houston Astros,Milwaukee Brewers,0.3489,65.1,65-70,0,0,1,2026
2026-05-31,Texas Rangers,Kansas City Royals,0.8662,86.6,85-90,1,1,1,2026
2026-05-31,Colorado Rockies,San Francisco Giants,0.261,73.9,70-75,0,0,1,2026
2026-05-31,Athletics,New York Yankees,0.2135,78.7,75-80,0,0,1,2026
2026-05-31,Seattle Mariners,Arizona Diamondbacks,0.6126,61.3,60-65,1,1,1,2026
2026-05-31,Los Angeles Dodgers,Philadelphia Phillies,0.8779,87.8,85-90,1,1,1,2026
2026-05-31,St. Louis Cardinals,Chicago Cubs,0.8199,82.0,80-85,1,1,1,2026
2026-06-01,Tampa Bay Rays,Detroit Tigers,0.8437,84.4,80-85,1,0,0,2026
2026-06-01,Washington Nationals,Miami Marlins,0.416,58.4,55-60,0,0,1,2026
2026-06-01,Cincinnati Reds,Kansas City Royals,0.2542,74.6,70-75,0,0,1,2026
2026-06-01,Minnesota Twins,Chicago White Sox,0.7685,76.8,75-80,1,1,1,2026
2026-06-01,Milwaukee Brewers,San Francisco Giants,0.6054,60.5,60-65,1,1,1,2026
2026-06-01,St. Louis Cardinals,Texas Rangers,0.2476,75.2,75-80,0,0,1,2026
2026-06-01,Los Angeles Angels,Colorado Rockies,0.5534,55.3,55-60,1,0,0,2026
2026-06-01,Arizona Diamondbacks,Los Angeles Dodgers,0.5704,57.0,55-60,1,1,1,2026
2026-06-01,Seattle Mariners,New York Mets,0.4894,51.1,50-55,0,1,0,2026
2026-06-02,Tampa Bay Rays,Detroit Tigers,0.4581,54.2,50-55,0,0,1,2026
2026-06-02,Philadelphia Phillies,San Diego Padres,0.625,62.5,60-65,1,1,1,2026
2026-06-02,Boston Red Sox,Baltimore Orioles,0.311,68.9,65-70,0,0,1,2026
2026-06-02,Washington Nationals,Miami Marlins,0.7241,72.4,70-75,1,0,0,2026
2026-06-02,New York Yankees,Cleveland Guardians,0.5328,53.3,50-55,1,0,0,2026
2026-06-02,Cincinnati Reds,Kansas City Royals,0.2468,75.3,75-80,0,1,0,2026
2026-06-02,Atlanta Braves,Toronto Blue Jays,0.6196,62.0,60-65,1,1,1,2026
2026-06-02,Minnesota Twins,Chicago White Sox,0.75,75.0,75-80,1,1,1,2026
2026-06-02,Milwaukee Brewers,San Francisco Giants,0.7932,79.3,75-80,1,1,1,2026
2026-06-02,St. Louis Cardinals,Texas Rangers,0.6729,67.3,65-70,1,0,0,2026
2026-06-02,Chicago Cubs,Athletics,0.3196,68.0,65-70,0,0,1,2026
2026-06-02,Houston Astros,Pittsburgh Pirates,0.4397,56.0,55-60,0,0,1,2026
2026-06-02,Los Angeles Angels,Colorado Rockies,0.5259,52.6,50-55,1,0,0,2026
2026-06-02,Arizona Diamondbacks,Los Angeles Dodgers,0.3964,60.4,60-65,0,0,1,2026
2026-06-02,Seattle Mariners,New York Mets,0.464,53.6,50-55,0,1,0,2026
2026-06-02,Tampa Bay Rays,Detroit Tigers,0.4764,52.4,50-55,0,0,1,2026
2026-06-02,Philadelphia Phillies,San Diego Padres,0.6274,62.7,60-65,1,0,0,2026
2026-06-02,Boston Red Sox,Baltimore Orioles,0.3159,68.4,65-70,0,0,1,2026
2026-06-02,Washington Nationals,Miami Marlins,0.7397,74.0,70-75,1,0,0,2026
2026-06-02,New York Yankees,Cleveland Guardians,0.5624,56.2,55-60,1,0,0,2026
2026-06-02,Cincinnati Reds,Kansas City Royals,0.259,74.1,70-75,0,0,1,2026
2026-06-02,Atlanta Braves,Toronto Blue Jays,0.6253,62.5,60-65,1,0,0,2026
2026-06-02,Minnesota Twins,Chicago White Sox,0.7496,75.0,75-80,1,0,0,2026
2026-06-02,Milwaukee Brewers,San Francisco Giants,0.7789,77.9,75-80,1,0,0,2026
2026-06-02,St. Louis Cardinals,Texas Rangers,0.6742,67.4,65-70,1,0,0,2026
2026-06-02,Chicago Cubs,Athletics,0.3455,65.5,65-70,0,0,1,2026
2026-06-02,Houston Astros,Pittsburgh Pirates,0.4287,57.1,55-60,0,0,1,2026
2026-06-02,Los Angeles Angels,Colorado Rockies,0.5357,53.6,50-55,1,0,0,2026
2026-06-02,Arizona Diamondbacks,Los Angeles Dodgers,0.4172,58.3,55-60,0,0,1,2026
2026-06-02,Seattle Mariners,New York Mets,0.4723,52.8,50-55,0,0,1,2026
2026-06-02,Tampa Bay Rays,Detroit Tigers,0.4423,55.8,55-60,0,0,1,2026
2026-06-02,Philadelphia Phillies,San Diego Padres,0.6496,65.0,65-70,1,0,0,2026
2026-06-02,Boston Red Sox,Baltimore Orioles,0.3514,64.9,60-65,0,0,1,2026
2026-06-02,Washington Nationals,Miami Marlins,0.7214,72.1,70-75,1,0,0,2026
2026-06-02,New York Yankees,Cleveland Guardians,0.5715,57.1,55-60,1,0,0,2026
2026-06-02,Cincinnati Reds,Kansas City Royals,0.2499,75.0,75-80,0,0,1,2026
2026-06-02,Atlanta Braves,Toronto Blue Jays,0.5882,58.8,55-60,1,0,0,2026
2026-06-02,Minnesota Twins,Chicago White Sox,0.7548,75.5,75-80,1,0,0,2026
2026-06-02,Milwaukee Brewers,San Francisco Giants,0.772,77.2,75-80,1,0,0,2026
2026-06-02,St. Louis Cardinals,Texas Rangers,0.6669,66.7,65-70,1,0,0,2026
2026-06-02,Chicago Cubs,Athletics,0.3591,64.1,60-65,0,0,1,2026
2026-06-02,Houston Astros,Pittsburgh Pirates,0.4086,59.1,55-60,0,0,1,2026
2026-06-02,Los Angeles Angels,Colorado Rockies,0.5506,55.1,55-60,1,0,0,2026
2026-06-02,Arizona Diamondbacks,Los Angeles Dodgers,0.4316,56.8,55-60,0,0,1,2026
2026-06-02,Seattle Mariners,New York Mets,0.4617,53.8,50-55,0,0,1,2026
2026-06-02,Tampa Bay Rays,Detroit Tigers,0.4479,55.2,55-60,0,0,1,2026
2026-06-02,Philadelphia Phillies,San Diego Padres,0.6412,64.1,60-65,1,0,0,2026
2026-06-02,Boston Red Sox,Baltimore Orioles,0.3581,64.2,60-65,0,0,1,2026
2026-06-02,Washington Nationals,Miami Marlins,0.737,73.7,70-75,1,0,0,2026
2026-06-02,New York Yankees,Cleveland Guardians,0.5815,58.2,55-60,1,0,0,2026
2026-06-02,Cincinnati Reds,Kansas City Royals,0.2551,74.5,70-75,0,0,1,2026
2026-06-02,Atlanta Braves,Toronto Blue Jays,0.6262,62.6,60-65,1,0,0,2026
2026-06-02,Minnesota Twins,Chicago White Sox,0.7515,75.2,75-80,1,0,0,2026
2026-06-02,Milwaukee Brewers,San Francisco Giants,0.7694,76.9,75-80,1,0,0,2026
2026-06-02,St. Louis Cardinals,Texas Rangers,0.6775,67.8,65-70,1,0,0,2026
2026-06-02,Chicago Cubs,Athletics,0.3651,63.5,60-65,0,0,1,2026
2026-06-02,Houston Astros,Pittsburgh Pirates,0.4686,53.1,50-55,0,0,1,2026
2026-06-02,Los Angeles Angels,Colorado Rockies,0.4926,50.7,50-55,0,0,1,2026
2026-06-02,Arizona Diamondbacks,Los Angeles Dodgers,0.4357,56.4,55-60,0,0,1,2026
2026-06-02,Seattle Mariners,New York Mets,0.4806,51.9,50-55,0,0,1,2026
2026-06-03,Washington Nationals,Miami Marlins,0.4394,56.1,55-60,0,0,1,2026
2026-06-03,Tampa Bay Rays,Detroit Tigers,0.2988,70.1,70-75,0,0,1,2026
2026-06-03,Minnesota Twins,Chicago White Sox,0.4106,58.9,55-60,0,0,1,2026
2026-06-03,Seattle Mariners,New York Mets,0.372,62.8,60-65,0,0,1,2026
2026-06-03,Philadelphia Phillies,San Diego Padres,0.739,73.9,70-75,1,1,1,2026
2026-06-03,Boston Red Sox,Baltimore Orioles,0.771,77.1,75-80,1,1,1,2026
2026-06-03,New York Yankees,Cleveland Guardians,0.7779,77.8,75-80,1,0,0,2026
2026-06-03,Cincinnati Reds,Kansas City Royals,0.6401,64.0,60-65,1,0,0,2026
2026-06-03,Atlanta Braves,Toronto Blue Jays,0.5938,59.4,55-60,1,1,1,2026
2026-06-03,Milwaukee Brewers,San Francisco Giants,0.3957,60.4,60-65,0,0,1,2026
2026-06-03,St. Louis Cardinals,Texas Rangers,0.8339,83.4,80-85,1,1,1,2026
2026-06-03,Chicago Cubs,Athletics,0.7121,71.2,70-75,1,0,0,2026
2026-06-03,Houston Astros,Pittsburgh Pirates,0.6055,60.6,60-65,1,1,1,2026
2026-06-03,Los Angeles Angels,Colorado Rockies,0.7502,75.0,75-80,1,1,1,2026
2026-06-03,Arizona Diamondbacks,Los Angeles Dodgers,0.2324,76.8,75-80,0,0,1,2026
2026-06-03,Washington Nationals,Miami Marlins,0.4458,55.4,55-60,0,0,1,2026
2026-06-03,Tampa Bay Rays,Detroit Tigers,0.2934,70.7,70-75,0,0,1,2026
2026-06-03,Minnesota Twins,Chicago White Sox,0.418,58.2,55-60,0,0,1,2026
2026-06-03,Seattle Mariners,New York Mets,0.3815,61.9,60-65,0,0,1,2026
2026-06-03,Philadelphia Phillies,San Diego Padres,0.7325,73.3,70-75,1,0,0,2026
2026-06-03,Boston Red Sox,Baltimore Orioles,0.7635,76.3,75-80,1,0,0,2026
2026-06-03,New York Yankees,Cleveland Guardians,0.7638,76.4,75-80,1,0,0,2026
2026-06-03,Cincinnati Reds,Kansas City Royals,0.6552,65.5,65-70,1,0,0,2026
2026-06-03,Atlanta Braves,Toronto Blue Jays,0.5491,54.9,50-55,1,0,0,2026
2026-06-03,Milwaukee Brewers,San Francisco Giants,0.4074,59.3,55-60,0,0,1,2026
2026-06-03,St. Louis Cardinals,Texas Rangers,0.8207,82.1,80-85,1,0,0,2026
2026-06-03,Chicago Cubs,Athletics,0.7096,71.0,70-75,1,0,0,2026
2026-06-03,Houston Astros,Pittsburgh Pirates,0.5804,58.0,55-60,1,0,0,2026
2026-06-03,Los Angeles Angels,Colorado Rockies,0.752,75.2,75-80,1,0,0,2026
2026-06-03,Arizona Diamondbacks,Los Angeles Dodgers,0.2355,76.4,75-80,0,0,1,2026
2026-06-03,Washington Nationals,Miami Marlins,0.4502,55.0,55-60,0,0,1,2026
2026-06-03,Tampa Bay Rays,Detroit Tigers,0.3068,69.3,65-70,0,0,1,2026
2026-06-03,Minnesota Twins,Chicago White Sox,0.4199,58.0,55-60,0,0,1,2026
2026-06-03,Seattle Mariners,New York Mets,0.4157,58.4,55-60,0,0,1,2026
2026-06-03,Philadelphia Phillies,San Diego Padres,0.7383,73.8,70-75,1,0,0,2026
2026-06-03,Boston Red Sox,Baltimore Orioles,0.7658,76.6,75-80,1,0,0,2026
2026-06-03,New York Yankees,Cleveland Guardians,0.7811,78.1,75-80,1,0,0,2026
2026-06-03,Cincinnati Reds,Kansas City Royals,0.6564,65.6,65-70,1,0,0,2026
2026-06-03,Atlanta Braves,Toronto Blue Jays,0.5422,54.2,50-55,1,0,0,2026
2026-06-03,Milwaukee Brewers,San Francisco Giants,0.4179,58.2,55-60,0,0,1,2026
2026-06-03,St. Louis Cardinals,Texas Rangers,0.8312,83.1,80-85,1,0,0,2026
2026-06-03,Chicago Cubs,Athletics,0.7062,70.6,70-75,1,0,0,2026
2026-06-03,Houston Astros,Pittsburgh Pirates,0.5853,58.5,55-60,1,0,0,2026
2026-06-03,Los Angeles Angels,Colorado Rockies,0.7574,75.7,75-80,1,0,0,2026
2026-06-03,Arizona Diamondbacks,Los Angeles Dodgers,0.2341,76.6,75-80,0,0,1,2026
2026-06-03,Washington Nationals,Miami Marlins,0.4594,54.1,50-55,0,0,1,2026
2026-06-03,Tampa Bay Rays,Detroit Tigers,0.3184,68.2,65-70,0,0,1,2026
2026-06-03,Minnesota Twins,Chicago White Sox,0.4152,58.5,55-60,0,0,1,2026
2026-06-03,Seattle Mariners,New York Mets,0.4221,57.8,55-60,0,0,1,2026
2026-06-03,Philadelphia Phillies,San Diego Padres,0.7354,73.5,70-75,1,0,0,2026
2026-06-03,Boston Red Sox,Baltimore Orioles,0.7723,77.2,75-80,1,0,0,2026
2026-06-03,New York Yankees,Cleveland Guardians,0.7863,78.6,75-80,1,0,0,2026
2026-06-03,Cincinnati Reds,Kansas City Royals,0.6361,63.6,60-65,1,0,0,2026
2026-06-03,Atlanta Braves,Toronto Blue Jays,0.5716,57.2,55-60,1,0,0,2026
2026-06-03,Milwaukee Brewers,San Francisco Giants,0.4114,58.9,55-60,0,0,1,2026
2026-06-03,St. Louis Cardinals,Texas Rangers,0.8343,83.4,80-85,1,0,0,2026
2026-06-03,Chicago Cubs,Athletics,0.7054,70.5,70-75,1,0,0,2026
2026-06-03,Houston Astros,Pittsburgh Pirates,0.593,59.3,55-60,1,0,0,2026
2026-06-03,Los Angeles Angels,Colorado Rockies,0.7114,71.1,70-75,1,0,0,2026
2026-06-03,Arizona Diamondbacks,Los Angeles Dodgers,0.2452,75.5,75-80,0,0,1,2026
2026-06-04,Philadelphia Phillies,San Diego Padres,0.5312,53.1,50-55,1,1,1,2026
2026-06-04,Boston Red Sox,Baltimore Orioles,0.3266,67.3,65-70,0,0,1,2026
2026-06-04,New York Yankees,Cleveland Guardians,0.4876,51.2,50-55,0,1,0,2026
2026-06-04,Milwaukee Brewers,San Francisco Giants,0.2467,75.3,75-80,0,0,1,2026
2026-06-04,Atlanta Braves,Toronto Blue Jays,0.3212,67.9,65-70,0,0,1,2026
2026-06-04,Minnesota Twins,Kansas City Royals,0.8055,80.5,80-85,1,0,0,2026
2026-06-04,Chicago Cubs,Athletics,0.3397,66.0,65-70,0,1,0,2026
2026-06-04,Houston Astros,Pittsburgh Pirates,0.2237,77.6,75-80,0,0,1,2026
2026-06-04,Arizona Diamondbacks,Los Angeles Dodgers,0.4627,53.7,50-55,0,1,0,2026
2026-06-04,Philadelphia Phillies,San Diego Padres,0.5342,53.4,50-55,1,0,0,2026
2026-06-04,Boston Red Sox,Baltimore Orioles,0.3433,65.7,65-70,0,0,1,2026
2026-06-04,New York Yankees,Cleveland Guardians,0.4527,54.7,50-55,0,0,1,2026
2026-06-04,Milwaukee Brewers,San Francisco Giants,0.2494,75.1,75-80,0,0,1,2026
2026-06-04,Atlanta Braves,Toronto Blue Jays,0.3287,67.1,65-70,0,0,1,2026
2026-06-04,Minnesota Twins,Kansas City Royals,0.8169,81.7,80-85,1,0,0,2026
2026-06-04,Chicago Cubs,Athletics,0.3154,68.5,65-70,0,0,1,2026
2026-06-04,Houston Astros,Pittsburgh Pirates,0.2282,77.2,75-80,0,0,1,2026
2026-06-04,Arizona Diamondbacks,Los Angeles Dodgers,0.4433,55.7,55-60,0,0,1,2026
2026-06-04,Philadelphia Phillies,San Diego Padres,0.5469,54.7,50-55,1,0,0,2026
2026-06-04,Boston Red Sox,Baltimore Orioles,0.3639,63.6,60-65,0,0,1,2026
2026-06-04,New York Yankees,Cleveland Guardians,0.458,54.2,50-55,0,0,1,2026
2026-06-04,Milwaukee Brewers,San Francisco Giants,0.2599,74.0,70-75,0,0,1,2026
2026-06-04,Atlanta Braves,Toronto Blue Jays,0.3339,66.6,65-70,0,0,1,2026
2026-06-04,Minnesota Twins,Kansas City Royals,0.8144,81.4,80-85,1,0,0,2026
2026-06-04,Chicago Cubs,Athletics,0.3155,68.4,65-70,0,0,1,2026
2026-06-04,Houston Astros,Pittsburgh Pirates,0.2224,77.8,75-80,0,0,1,2026
2026-06-04,Arizona Diamondbacks,Los Angeles Dodgers,0.4643,53.6,50-55,0,0,1,2026
2026-06-04,Philadelphia Phillies,San Diego Padres,0.5458,54.6,50-55,1,0,0,2026
2026-06-04,Boston Red Sox,Baltimore Orioles,0.3702,63.0,60-65,0,0,1,2026
2026-06-04,New York Yankees,Cleveland Guardians,0.441,55.9,55-60,0,0,1,2026
2026-06-04,Milwaukee Brewers,San Francisco Giants,0.2519,74.8,70-75,0,0,1,2026
2026-06-04,Atlanta Braves,Toronto Blue Jays,0.3312,66.9,65-70,0,0,1,2026
2026-06-04,Minnesota Twins,Kansas City Royals,0.8026,80.3,80-85,1,0,0,2026
2026-06-04,Chicago Cubs,Athletics,0.312,68.8,65-70,0,0,1,2026
2026-06-04,Houston Astros,Pittsburgh Pirates,0.2224,77.8,75-80,0,0,1,2026
2026-06-04,Arizona Diamondbacks,Los Angeles Dodgers,0.4685,53.1,50-55,0,0,1,2026
2026-06-06,Detroit Tigers,Seattle Mariners,0.3657,63.4,60-65,0,0,1,2026
2026-06-06,Minnesota Twins,Kansas City Royals,0.5461,54.6,50-55,1,0,0,2026
2026-06-06,St. Louis Cardinals,Cincinnati Reds,0.3896,61.0,60-65,0,1,0,2026
2026-06-06,Chicago Cubs,San Francisco Giants,0.4967,50.3,50-55,0,1,0,2026
2026-06-06,Toronto Blue Jays,Baltimore Orioles,0.7851,78.5,75-80,1,1,1,2026
2026-06-06,Philadelphia Phillies,Chicago White Sox,0.4028,59.7,55-60,0,0,1,2026
2026-06-06,Arizona Diamondbacks,Washington Nationals,0.2622,73.8,70-75,0,0,1,2026
2026-06-06,Houston Astros,Athletics,0.7688,76.9,75-80,1,1,1,2026
2026-06-06,Atlanta Braves,Pittsburgh Pirates,0.5905,59.1,55-60,1,1,1,2026
2026-06-06,Miami Marlins,Tampa Bay Rays,0.5755,57.6,55-60,1,1,1,2026
2026-06-06,Texas Rangers,Cleveland Guardians,0.2058,79.4,75-80,0,0,1,2026
2026-06-06,Colorado Rockies,Milwaukee Brewers,0.2176,78.2,75-80,0,0,1,2026
2026-06-06,Los Angeles Dodgers,Los Angeles Angels,0.8802,88.0,85-90,1,1,1,2026
2026-06-06,San Diego Padres,New York Mets,0.1945,80.5,80-85,0,1,0,2026
